DATE;NR_REPORTING;TOTAL_IN;TOTAL_IN_ICU;TOTAL_IN_RESP;TOTAL_IN_ECMO;NEW_IN;NEW_OUT
15-03-20;104;263;53;31;1;70;14
16-03-20;104;370;79;51;1;88;14
17-03-20;104;493;100;65;3;125;28
18-03-20;104;646;130;88;4;179;26
19-03-20;104;840;164;114;4;213;49
20-03-20;104;1108;229;168;7;294;55
21-03-20;104;1384;290;200;6;322;74
22-03-20;104;1661;326;240;8;278;61
23-03-20;104;1883;385;286;6;268;60
24-03-20;104;2204;487;333;8;420;113
25-03-20;104;2721;612;422;10;543;129
26-03-20;104;3111;699;503;11;494;181
27-03-20;104;3649;789;579;16;587;206
28-03-20;104;4088;867;656;20;642;296
29-03-20;104;4536;961;726;19;545;169
30-03-20;104;4897;1021;786;20;486;168
31-03-20;104;4988;1088;834;24;550;431
01-04-20;104;5219;1144;906;29;599;369
02-04-20;104;5398;1205;916;28;572;377
03-04-20;104;5562;1256;990;31;502;375
04-04-20;104;5531;1261;1002;31;502;502
05-04-20;104;5620;1267;1013;37;360;236
06-04-20;104;5759;1260;999;38;324;167
07-04-20;104;5710;1276;1008;45;475;533
08-04-20;104;5620;1286;995;46;464;484
09-04-20;104;5640;1279;994;44;467;411
10-04-20;104;5663;1262;981;48;431;418
11-04-20;104;5538;1251;952;48;392;482
12-04-20;104;5542;1253;955;47;277;238
13-04-20;104;5554;1226;915;45;244;162
14-04-20;104;5532;1204;889;45;253;238
15-04-20;104;5331;1182;868;43;317;453
16-04-20;104;5181;1150;846;42;313;397
17-04-20;104;5088;1119;809;48;306;392
18-04-20;104;4889;1081;781;40;265;410
19-04-20;104;4940;1071;760;39;227;137
20-04-20;104;4996;1079;777;42;184;107
21-04-20;104;4765;1020;733;42;262;429
22-04-20;104;4527;993;703;43;216;364
23-04-20;104;4353;970;681;44;204;322
24-04-20;104;4195;934;635;46;221;310
25-04-20;104;3957;901;620;43;203;369
26-04-20;104;3968;903;600;45;130;98
27-04-20;104;3976;876;566;41;129;64
28-04-20;104;3733;797;534;43;165;343
29-04-20;104;3609;769;517;45;185;295
30-04-20;104;3386;749;491;43;153;319
01-05-20;104;3109;690;452;41;134;330
02-05-20;104;3080;684;426;42;82;100
03-05-20;104;3044;655;401;41;62;70
04-05-20;104;3080;646;387;35;92;61
05-05-20;104;2868;582;367;38;123;300
06-05-20;104;2699;542;359;35;101;243
07-05-20;104;2555;508;339;34;122;230
08-05-20;104;2381;502;328;32;79;215
09-05-20;104;2222;475;295;33;85;237
10-05-20;104;2222;477;296;31;62;55
11-05-20;104;2230;465;282;32;48;36
12-05-20;104;2085;427;270;30;74;205
13-05-20;104;1966;407;239;28;83;188
14-05-20;104;1862;380;231;24;66;193
15-05-20;104;1750;364;219;22;65;164
16-05-20;104;1625;345;198;19;62;181
17-05-20;104;1614;342;190;17;45;27
18-05-20;104;1630;345;191;19;52;30
19-05-20;104;1527;313;169;14;59;160
20-05-20;104;1448;277;154;15;77;142
21-05-20;104;1388;268;147;15;63;145
22-05-20;104;1360;259;149;17;37;43
23-05-20;104;1296;256;143;15;56;127
24-05-20;104;1306;251;134;15;31;35
25-05-20;104;1304;249;129;13;39;25
26-05-20;104;1150;223;114;12;39;145
27-05-20;104;1050;209;101;12;53;110
28-05-20;104;939;187;90;12;28;116
29-05-20;104;892;173;85;11;28;87
30-05-20;104;823;168;84;8;42;129
31-05-20;104;818;164;83;8;26;33
01-06-20;104;821;166;86;8;29;14
02-06-20;104;821;172;79;8;36;28
03-06-20;104;739;145;74;8;22;90
04-06-20;104;702;137;73;8;34;70
05-06-20;104;647;121;71;7;30;84
06-06-20;104;573;111;69;7;23;102
07-06-20;104;576;116;70;9;24;27
08-06-20;104;575;115;66;9;18;9
09-06-20;104;527;102;57;10;24;77
10-06-20;104;484;99;52;10;20;67
11-06-20;104;479;89;46;7;33;45
12-06-20;104;425;88;43;9;25;53
13-06-20;104;395;82;44;7;11;47
14-06-20;104;400;85;43;7;16;22
15-06-20;102;393;75;36;7;12;17
16-06-20;104;371;67;31;6;27;58
17-06-20;104;344;60;26;6;19;41
18-06-20;104;340;52;27;6;21;27
19-06-20;104;308;50;27;5;21;44
20-06-20;104;292;53;28;5;18;23
21-06-20;104;295;50;25;4;12;12
22-06-20;104;293;42;20;3;14;16
23-06-20;104;281;41;24;3;12;36
24-06-20;104;268;40;21;3;16;32
25-06-20;104;256;38;20;3;21;28
26-06-20;104;247;36;18;3;18;25
27-06-20;104;237;34;16;3;16;30
28-06-20;104;237;36;17;3;7;10
29-06-20;104;244;41;18;3;14;7
30-06-20;104;222;37;18;2;17;35
01-07-20;104;203;36;14;2;9;28
02-07-20;104;187;35;13;2;13;31
03-07-20;104;168;32;13;2;6;18
04-07-20;104;170;29;14;2;16;18
05-07-20;104;170;30;15;2;7;9
06-07-20;104;169;27;15;2;10;8
07-07-20;104;178;32;15;2;17;16
08-07-20;104;165;32;15;2;9;21
09-07-20;104;160;36;16;2;11;22
10-07-20;104;143;32;15;1;6;21
11-07-20;104;132;28;15;1;11;22
12-07-20;104;130;27;12;0;7;4
13-07-20;104;138;23;14;0;9;5
14-07-20;104;147;27;17;0;18;19
15-07-20;104;150;27;17;0;11;11
16-07-20;104;147;28;17;0;13;16
17-07-20;104;145;28;18;0;11;21
18-07-20;104;161;30;19;0;27;19
19-07-20;104;168;31;15;1;18;9
20-07-20;104;181;36;17;1;14;5
21-07-20;104;172;33;15;1;8;18
22-07-20;104;191;41;18;1;23;9
23-07-20;104;203;40;15;1;33;25
24-07-20;104;218;41;17;1;34;26
25-07-20;104;210;44;19;1;26;35
26-07-20;104;211;47;20;1;15;14
27-07-20;104;222;52;22;1;28;14
28-07-20;104;232;49;22;2;41;28
29-07-20;104;263;47;24;2;35;16
30-07-20;104;267;42;23;2;30;22
31-07-20;104;253;48;27;2;19;33
01-08-20;104;259;56;29;3;29;28
02-08-20;104;271;58;31;5;29;18
03-08-20;104;290;54;32;5;29;11
04-08-20;104;265;63;30;5;20;44
05-08-20;104;293;61;29;5;50;22
06-08-20;104;278;65;32;4;33;41
07-08-20;104;285;69;37;5;33;29
08-08-20;104;281;67;34;5;38;44
09-08-20;104;285;69;34;5;23;15
10-08-20;104;312;73;42;5;41;12
11-08-20;104;307;77;38;4;52;51
12-08-20;104;301;76;40;4;35;46
13-08-20;104;309;74;42;5;46;34
14-08-20;104;312;80;45;5;33;31
15-08-20;104;309;82;43;5;43;42
16-08-20;104;337;86;48;5;29;12
17-08-20;104;341;91;45;5;21;10
18-08-20;104;335;89;48;5;35;49
19-08-20;104;334;83;48;6;39;31
20-08-20;104;303;82;50;6;30;56
21-08-20;104;314;84;47;5;31;35
22-08-20;104;310;85;47;6;26;42
23-08-20;104;312;87;44;6;18;21
24-08-20;104;320;89;45;8;17;18
25-08-20;104;282;85;45;7;12;51
26-08-20;104;260;81;40;7;21;42
27-08-20;104;257;82;42;5;21;31
28-08-20;104;252;77;44;4;19;24
29-08-20;104;230;72;42;4;8;25
30-08-20;104;233;71;39;4;14;13
31-08-20;104;243;74;37;4;18;7
01-09-20;104;226;68;38;4;28;39
02-09-20;104;221;60;39;4;26;34
03-09-20;104;209;58;37;4;13;27
04-09-20;104;215;52;37;7;22;22
05-09-20;104;215;53;38;4;16;22
06-09-20;104;223;53;36;4;17;13
07-09-20;104;235;52;34;4;26;9
08-09-20;104;260;59;35;4;42;27
09-09-20;104;250;60;33;3;24;34
10-09-20;104;249;65;28;4;29;26
11-09-20;104;254;67;32;4;31;32
12-09-20;104;260;68;30;4;35;24
13-09-20;104;293;71;33;4;41;14
14-09-20;104;318;72;35;4;34;15
15-09-20;104;315;67;34;5;50;55
16-09-20;104;353;74;39;7;46;23
17-09-20;104;371;69;39;8;49;44
18-09-20;104;392;78;44;9;58;58
19-09-20;104;421;78;44;8;58;40
20-09-20;104;432;77;40;8;50;22
21-09-20;104;490;87;46;7;61;19
22-09-20;104;505;94;48;6;76;65
23-09-20;104;550;95;52;8;74;42
24-09-20;104;602;104;57;10;93;47
25-09-20;104;620;110;55;8;74;62
26-09-20;104;626;120;60;6;54;65
27-09-20;104;654;135;63;6;51;31
28-09-20;104;708;140;71;5;74;26
29-09-20;104;716;150;73;4;91;87
30-09-20;104;739;157;75;5;89;71
01-10-20;104;773;156;71;5;90;68
02-10-20;104;789;163;72;6;75;58
03-10-20;104;819;185;79;7;79;78
04-10-20;104;866;186;77;9;91;37
05-10-20;104;937;195;83;7;91;34
06-10-20;104;952;189;85;8;113;97
07-10-20;104;1050;201;94;9;145;88
08-10-20;104;1110;213;96;9;131;90
09-10-20;104;1191;214;98;8;151;94
10-10-20;104;1260;228;99;9;165;136
11-10-20;104;1334;245;111;11;141;76
12-10-20;104;1473;268;126;10;179;54
13-10-20;104;1622;281;142;10;224;130
14-10-20;104;1778;313;160;11;266;138
15-10-20;104;1951;327;166;13;292;137
16-10-20;104;2099;358;172;13;252;157
17-10-20;104;2267;384;184;13;365;224
18-10-20;104;2497;412;195;15;271;86
19-10-20;104;2773;446;209;21;274;64
20-10-20;104;2977;487;246;24;428;268
21-10-20;104;3275;525;272;27;437;250
22-10-20;104;3649;573;289;23;520;282
23-10-20;104;4056;633;328;24;617;322
24-10-20;104;4408;694;371;26;610;359
25-10-20;104;4825;756;383;30;529;222
26-10-20;104;5268;812;444;32;545;174
27-10-20;104;5548;912;485;39;707;487
28-10-20;104;5924;994;541;38;759;476
29-10-20;104;6187;1057;556;40;688;480
30-10-20;104;6439;1105;598;40;748;469
31-10-20;104;6502;1161;633;44;707;665
01-11-20;104;6824;1223;671;38;578;253
02-11-20;104;7233;1302;698;40;612;183
03-11-20;104;7461;1353;752;45;899;669
04-11-20;104;7411;1412;793;39;675;684
05-11-20;104;7290;1428;815;40;577;673
06-11-20;104;7224;1459;828;48;606;635
07-11-20;104;6895;1464;881;52;516;761
08-11-20;104;6955;1470;890;56;415;302
09-11-20;104;7221;1474;884;57;443;148
10-11-20;104;7058;1470;885;71;618;716
11-11-20;104;6879;1463;898;72;565;638
12-11-20;104;7010;1456;907;73;414;251
13-11-20;104;6762;1457;903;82;526;669
14-11-20;104;6505;1423;876;84;461;680
15-11-20;104;6518;1439;900;88;305;212
16-11-20;104;6580;1408;895;90;285;128
17-11-20;104;6240;1356;885;87;380;688
18-11-20;104;5930;1323;887;90;358;582
19-11-20;104;5651;1286;837;85;363;555
20-11-20;104;5418;1256;815;86;323;500
21-11-20;104;5017;1201;799;87;261;542
22-11-20;104;5025;1194;760;89;215;144
23-11-20;104;5076;1168;775;92;211;102
24-11-20;104;4783;1105;719;93;305;524
25-11-20;104;4570;1071;709;92;285;440
26-11-20;104;4376;1034;670;82;257;359
27-11-20;104;4215;997;637;87;234;335
28-11-20;104;3994;946;596;86;225;427
29-11-20;104;3989;904;582;87;149;147
30-11-20;104;4014;900;566;86;123;92
01-12-20;104;3707;854;555;84;208;469
02-12-20;104;3590;829;535;77;238;347
03-12-20;104;3417;786;507;77;196;327
04-12-20;104;3341;789;515;77;221;301
05-12-20;104;3163;753;490;75;226;334
06-12-20;104;3210;744;480;79;151;91
07-12-20;104;3272;724;474;78;147;68
08-12-20;104;3136;677;448;74;215;341
09-12-20;104;3034;662;444;70;185;300
10-12-20;104;2961;658;412;65;207;257
11-12-20;104;2896;646;413;65;184;247
12-12-20;104;2770;627;407;78;185;268
13-12-20;104;2861;617;396;63;187;78
14-12-20;104;2888;615;393;60;125;54
15-12-20;104;2772;594;387;56;225;290
16-12-20;104;2707;571;376;57;201;240
17-12-20;104;2683;562;357;59;208;220
18-12-20;104;2616;547;336;52;201;254
19-12-20;104;2523;541;315;48;198;286
20-12-20;104;2538;543;311;53;133;76
21-12-20;104;2610;546;322;49;139;55
22-12-20;104;2557;536;321;49;219;259
23-12-20;104;2467;512;299;45;190;252
24-12-20;104;2447;514;288;43;211;240
25-12-20;104;2282;511;301;43;151;285
26-12-20;104;2286;493;285;45;95;69
27-12-20;104;2359;491;291;43;158;63
28-12-20;104;2440;510;282;48;150;68
29-12-20;104;2417;498;273;48;208;209
30-12-20;104;2333;496;264;47;159;222
31-12-20;104;2187;494;257;44;145;226
01-01-21;104;2081;489;247;44;150;234
02-01-21;104;2122;481;227;39;110;55
03-01-21;104;2185;468;232;44;137;60
04-01-21;104;2226;464;243;41;110;61
05-01-21;104;2130;430;227;39;149;242
06-01-21;104;2076;404;217;40;145;217
07-01-21;104;2018;381;213;35;156;219
08-01-21;104;1996;377;206;34;141;156
09-01-21;104;1927;379;205;34;137;204
10-01-21;104;1955;371;204;32;85;54
11-01-21;104;2020;378;195;30;94;38
12-01-21;104;1966;356;197;31;139;200
13-01-21;104;1943;360;184;28;142;172
14-01-21;104;1915;346;186;27;133;180
15-01-21;104;1883;345;194;26;142;149
16-01-21;104;1828;352;188;25;111;169
17-01-21;104;1892;367;190;26;79;24
18-01-21;104;1974;369;193;28;105;29
19-01-21;104;1960;361;198;27;187;196
20-01-21;104;1938;337;187;27;144;169
21-01-21;104;1941;338;182;29;148;153
22-01-21;104;1923;338;178;28;158;145
23-01-21;104;1888;327;167;28;143;171
24-01-21;104;1923;322;162;26;106;63
25-01-21;104;1954;325;170;27;92;39
26-01-21;104;1928;322;168;25;153;173
27-01-21;104;1850;313;173;21;121;169
28-01-21;104;1819;323;166;21;138;159
29-01-21;104;1810;315;170;20;119;138
30-01-21;104;1760;315;165;19;137;175
31-01-21;104;1788;315;165;20;77;55
01-02-21;104;1852;325;172;20;128;51
02-02-21;104;1794;311;172;22;142;202
03-02-21;104;1785;310;167;19;142;143
04-02-21;104;1751;306;166;16;141;149
05-02-21;104;1737;304;167;17;144;161
06-02-21;104;1650;292;150;18;123;179
07-02-21;104;1678;300;162;23;108;80
08-02-21;104;1698;302;161;18;72;44
09-02-21;104;1674;308;168;16;163;179
10-02-21;104;1652;303;166;17;132;161
11-02-21;104;1642;294;162;18;137;158
12-02-21;104;1634;295;167;17;132;151
13-02-21;104;1567;298;175;17;107;176
14-02-21;104;1598;307;178;17;91;50
15-02-21;104;1632;319;176;21;84;39
16-02-21;104;1600;311;169;17;145;177
17-02-21;104;1610;315;166;19;141;125
18-02-21;104;1588;314;175;18;142;163
19-02-21;104;1607;314;162;19;125;121
20-02-21;104;1567;316;164;20;112;162
21-02-21;104;1619;329;165;21;88;52
22-02-21;104;1721;348;175;21;115;37
23-02-21;104;1711;353;176;23;155;179
24-02-21;104;1749;362;178;22;150;145
25-02-21;104;1759;369;181;23;142;142
26-02-21;104;1838;393;195;23;204;126
27-02-21;104;1835;397;194;24;156;165
28-02-21;104;1896;407;201;27;127;62
01-03-21;104;1937;413;212;25;107;52
02-03-21;104;1902;426;223;29;176;226
03-03-21;104;1900;434;221;28;152;164
04-03-21;104;1905;426;224;31;171;154
05-03-21;104;1915;433;232;33;152;163
06-03-21;104;1880;416;230;32;141;172
07-03-21;104;1938;425;233;32;122;71
08-03-21;104;1994;436;251;32;113;62
09-03-21;104;1963;441;250;35;202;238
10-03-21;104;1943;452;249;31;154;156
11-03-21;104;1910;448;250;34;139;166
12-03-21;104;1915;468;254;35;170;172
13-03-21;104;1905;474;262;40;195;194
14-03-21;104;2013;485;266;35;159;65
15-03-21;104;2112;503;269;35;150;61
16-03-21;104;2085;522;275;36;208;230
17-03-21;104;2123;534;282;35;207;192
18-03-21;104;2142;543;296;36;208;183
19-03-21;104;2153;550;310;37;182;171
20-03-21;104;2160;557;311;41;243;232
21-03-21;104;2249;569;319;43;185;75
22-03-21;104;2372;589;322;44;201;77
23-03-21;104;2402;601;325;47;282;236
24-03-21;104;2452;636;332;50;251;242
25-03-21;104;2493;652;356;53;242;211
26-03-21;104;2503;667;360;51;208;205
27-03-21;104;2568;701;379;58;296;260
28-03-21;104;2693;712;383;61;213;89
29-03-21;104;2820;740;408;59;199;95
30-03-21;104;2868;737;429;60;319;295
31-03-21;104;2938;756;436;61;309;281
01-04-21;104;2959;790;442;70;290;280
02-04-21;104;3026;801;479;58;296;224
03-04-21;104;2911;821;480;58;259;330
04-04-21;104;2923;831;478;58;171;144
05-04-21;104;3055;866;485;56;230;89
06-04-21;104;3167;892;497;59;235;110
07-04-21;104;3164;909;506;67;333;334
08-04-21;104;3129;911;516;69;250;263
09-04-21;104;3117;925;523;68;275;267
10-04-21;104;3022;905;535;65;255;322
11-04-21;104;3085;899;540;64;202;119
12-04-21;104;3215;919;549;66;225;91
13-04-21;104;3130;947;556;66;267;356
14-04-21;104;3049;941;538;61;217;277
15-04-21;104;3032;930;541;57;239;247
16-04-21;104;3015;923;547;58;249;260
17-04-21;104;2910;923;543;62;245;327
18-04-21;104;3000;931;555;62;201;96
19-04-21;104;3140;946;557;63;210;62
20-04-21;104;3103;926;535;58;303;333
21-04-21;104;3078;935;549;60;244;293
22-04-21;104;2989;910;544;61;231;280
23-04-21;104;2943;901;525;60;222;275
24-04-21;104;2846;886;506;61;228;325
25-04-21;104;2883;886;513;65;162;122
26-04-21;104;2951;892;521;62;156;65
27-04-21;104;2858;892;528;65;231;342
28-04-21;104;2809;888;527;61;210;249
29-04-21;104;2776;864;512;63;206;247
30-04-21;104;2707;855;511;64;191;235
01-05-21;104;2593;824;486;63;195;278
02-05-21;104;2648;825;508;61;161;98
03-05-21;104;2760;831;510;61;153;58
04-05-21;104;2605;795;492;61;191;291
05-05-21;104;2481;757;470;60;164;253
06-05-21;104;2402;744;459;60;145;220
07-05-21;104;2307;727;449;61;163;217
08-05-21;104;2167;707;444;59;164;274
09-05-21;104;2172;702;435;61;159;89
10-05-21;104;2253;710;438;62;134;48
11-05-21;104;2108;686;423;61;166;275
12-05-21;104;2025;660;405;58;148;217
13-05-21;104;1912;644;387;54;144;235
14-05-21;104;1917;643;401;59;102;91
15-05-21;104;1804;621;393;58;168;242
16-05-21;104;1802;619;386;61;105;92
17-05-21;104;1857;613;377;60;99;45
18-05-21;104;1753;595;375;56;131;222
19-05-21;104;1702;589;363;57;141;174
20-05-21;104;1640;562;360;59;121;169
21-05-21;104;1600;540;354;52;127;171
22-05-21;104;1491;544;344;52;123;189
23-05-21;104;1501;542;331;51;88;73
24-05-21;104;1532;542;329;52;76;38
25-05-21;104;1547;531;321;49;90;84
26-05-21;104;1463;508;318;52;110;202
27-05-21;104;1366;491;313;50;91;166
28-05-21;104;1290;469;304;47;83;144
29-05-21;104;1206;451;292;43;92;166
30-05-21;104;1219;442;278;40;69;48
31-05-21;104;1232;439;276;40;56;47
01-06-21;104;1159;404;253;40;92;153
02-06-21;104;1124;378;249;40;81;132
03-06-21;104;1063;365;240;39;75;126
04-06-21;104;1007;342;219;38;74;109
05-06-21;104;978;337;209;39;76;105
06-06-21;104;967;331;204;34;46;39
07-06-21;104;968;336;198;36;42;45
08-06-21;104;888;319;194;35;73;139
09-06-21;104;852;309;184;35;65;94
10-06-21;104;817;302;179;33;48;84
11-06-21;104;770;300;173;34;47;88
12-06-21;104;721;285;162;34;45;87
13-06-21;104;702;274;162;36;25;45
14-06-21;104;723;276;156;30;40;22
15-06-21;104;651;256;152;33;45;112
16-06-21;104;592;247;141;31;27;85
17-06-21;104;552;234;136;32;33;66
18-06-21;104;492;212;128;33;29;65
19-06-21;104;458;203;125;32;33;57
20-06-21;104;459;204;120;33;28;18
21-06-21;104;471;206;119;33;27;14
22-06-21;104;450;184;112;33;24;45
23-06-21;104;439;183;111;30;29;40
24-06-21;104;422;175;109;30;30;41
25-06-21;104;382;157;101;24;15;37
26-06-21;104;347;149;103;25;24;57
27-06-21;104;338;150;101;25;12;18
28-06-21;104;339;147;98;25;15;14
29-06-21;104;328;143;101;24;18;36
30-06-21;104;303;134;93;20;14;36
01-07-21;104;274;126;85;17;7;32
02-07-21;104;272;123;83;15;22;30
03-07-21;104;252;115;78;16;17;33
04-07-21;104;258;113;75;18;16;10
05-07-21;104;256;112;78;15;11;12
06-07-21;104;251;101;74;13;24;28
07-07-21;104;256;99;71;12;28;17
08-07-21;104;252;96;70;12;7;24
09-07-21;104;240;93;66;12;20;30
10-07-21;104;227;87;64;11;16;31
11-07-21;104;230;83;62;10;12;9
12-07-21;104;234;89;59;10;15;17
13-07-21;104;241;90;57;9;28;27
14-07-21;104;241;82;57;9;22;22
15-07-21;104;253;86;57;7;29;18
16-07-21;104;240;81;50;9;27;29
17-07-21;104;242;81;48;8;28;36
18-07-21;104;248;88;48;8;20;16
19-07-21;104;267;84;48;7;27;11
20-07-21;104;266;87;48;8;30;34
21-07-21;104;280;85;52;8;28;21
22-07-21;104;289;83;52;7;28;20
23-07-21;104;274;84;53;7;27;42
24-07-21;104;271;89;53;6;34;39
25-07-21;104;288;94;50;4;27;15
26-07-21;104;305;97;55;4;25;6
27-07-21;104;308;94;53;4;39;40
28-07-21;104;311;96;49;4;43;42
29-07-21;104;318;93;45;4;37;34
30-07-21;104;320;96;45;4;27;36
31-07-21;104;325;93;49;5;42;36
01-08-21;104;343;95;48;5;38;15
02-08-21;104;365;97;46;4;41;21
03-08-21;104;369;94;49;7;44;47
04-08-21;104;367;92;52;8;40;49
05-08-21;104;367;94;51;8;38;41
06-08-21;104;383;98;54;8;43;49
07-08-21;104;397;102;61;8;52;40
08-08-21;104;426;106;57;8;45;20
09-08-21;104;462;120;59;11;51;28
10-08-21;104;465;120;55;9;64;69
11-08-21;104;454;124;57;9;45;58
12-08-21;104;475;132;59;10;58;45
13-08-21;104;496;136;67;11;66;46
14-08-21;104;495;142;70;12;53;65
15-08-21;104;513;147;76;12;47;37
16-08-21;104;550;158;76;13;49;21
17-08-21;104;570;162;78;13;84;70
18-08-21;104;592;172;83;12;66;59
19-08-21;104;608;178;82;14;60;44
20-08-21;104;583;179;75;12;49;74
21-08-21;104;594;178;89;14;60;68
22-08-21;104;619;176;90;13;47;33
23-08-21;104;652;173;92;14;59;32
24-08-21;104;635;171;93;14;74;85
25-08-21;104;619;176;90;16;57;76
26-08-21;104;602;182;98;17;57;75
27-08-21;104;596;185;93;19;58;64
28-08-21;104;611;194;99;20;69;69
29-08-21;104;631;191;103;21;47;25
30-08-21;104;677;201;108;25;58;27
31-08-21;104;667;192;103;26;83;104
01-09-21;104;661;193;107;24;66;89
02-09-21;104;657;195;104;25;74;81
03-09-21;104;683;200;110;28;66;64
04-09-21;104;669;218;112;28;80;90
05-09-21;104;687;229;117;28;56;40
06-09-21;104;725;237;114;26;66;39
07-09-21;104;702;226;118;27;82;100
08-09-21;104;704;220;120;27;64;89
09-09-21;104;709;217;114;27;64;72
10-09-21;104;703;228;116;28;61;76
11-09-21;104;675;219;118;27;47;77
12-09-21;104;681;218;123;26;42;37
13-09-21;104;702;224;116;24;58;45
14-09-21;104;699;219;119;24;77;101
15-09-21;104;683;215;116;23;62;86
16-09-21;104;703;220;119;24;77;80
17-09-21;104;713;213;121;24;56;66
18-09-21;104;696;213;129;23;57;77
19-09-21;104;709;215;128;23;43;36
20-09-21;104;727;222;128;26;46;33
21-09-21;104;684;214;126;24;60;99
22-09-21;104;688;217;129;24;61;62
23-09-21;104;691;216;123;22;65;73
24-09-21;104;662;209;121;26;32;61
25-09-21;104;646;196;115;27;52;79
26-09-21;104;667;202;115;27;39;27
27-09-21;104;700;206;118;26;55;28
28-09-21;104;702;207;112;28;72;79
29-09-21;104;699;217;118;29;66;73
30-09-21;104;714;213;119;28;64;62
01-10-21;104;703;204;114;29;62;73
02-10-21;104;697;203;124;28;63;73
03-10-21;104;704;197;124;28;44;23
04-10-21;104;734;211;117;28;42;31
05-10-21;104;748;210;121;28;75;77
06-10-21;104;730;209;118;28;62;86
07-10-21;104;733;195;114;26;54;70
08-10-21;104;725;204;113;27;64;65
09-10-21;104;692;196;114;29;53;82
10-10-21;104;706;193;111;29;41;33
11-10-21;104;744;197;115;28;50;28
12-10-21;104;766;201;112;29;70;74
13-10-21;104;782;201;104;28;70;73
14-10-21;104;793;193;103;30;78;90
15-10-21;104;824;190;105;27;61;52
16-10-21;104;832;202;117;25;97;108
17-10-21;104;856;209;117;25;59;34
18-10-21;104;919;232;122;28;82;30
19-10-21;104;947;230;120;26;107;87
20-10-21;104;997;240;123;26;130;101
21-10-21;104;1038;232;121;26;121;100
22-10-21;104;1115;251;116;24;126;96
23-10-21;104;1121;246;114;24;114;130
24-10-21;104;1175;256;118;29;94;40
25-10-21;104;1302;264;121;25;122;43
26-10-21;104;1325;260;124;22;158;141
27-10-21;104;1392;256;115;22;158;105
28-10-21;104;1435;257;118;19;150;125
29-10-21;104;1544;277;117;20;185;134
30-10-21;104;1564;298;127;22;187;195
31-10-21;104;1626;305;130;22;112;55
01-11-21;104;1698;324;143;22;125;61
02-11-21;104;1803;337;154;23;168;88
03-11-21;104;1866;343;163;24;237;209
04-11-21;104;1909;363;171;23;201;194
05-11-21;104;1939;384;184;23;179;173
06-11-21;104;1882;379;186;27;178;250
07-11-21;104;1955;391;196;23;154;86
08-11-21;104;2078;418;212;24;175;69
09-11-21;104;2152;434;216;26;260;235
10-11-21;104;2279;451;234;25;291;221
11-11-21;104;2308;471;247;29;227;253
12-11-21;104;2407;487;250;29;177;106
13-11-21;104;2407;489;243;30;283;290
14-11-21;104;2496;507;254;30;209;133
15-11-21;104;2667;540;274;32;209;68
16-11-21;104;2709;557;292;38;288;303
17-11-21;104;2839;568;297;38;318;262
18-11-21;104;2897;577;301;37;295;278
19-11-21;104;2990;603;313;37;312;259
20-11-21;104;3005;618;323;43;294;322
21-11-21;104;3173;632;341;43;251;129
22-11-21;104;3325;654;351;46;243;111
23-11-21;104;3367;657;366;50;369;365
24-11-21;104;3439;659;367;51;344;334
25-11-21;104;3489;669;365;49;354;339
26-11-21;104;3493;682;381;52;323;342
27-11-21;104;3441;696;375;55;322;412
28-11-21;104;3546;722;384;52;245;153
29-11-21;104;3698;760;397;49;277;122
30-11-21;104;3750;780;402;44;386;404
01-12-21;104;3729;793;403;46;350;376
02-12-21;104;3708;821;412;52;325;338
03-12-21;104;3613;804;424;51;298;404
04-12-21;104;3534;804;427;49;312;431
05-12-21;104;3579;809;433;51;226;178
06-12-21;104;3662;817;440;48;208;120
07-12-21;104;3554;815;437;51;332;442
08-12-21;104;3513;825;433;51;295;358
09-12-21;104;3448;827;435;53;309;361
10-12-21;104;3364;838;451;51;292;394
11-12-21;104;3281;839;451;54;265;371
12-12-21;104;3288;827;449;57;207;181
13-12-21;104;3382;838;434;63;186;109
14-12-21;104;3262;815;451;57;288;415
15-12-21;104;3120;804;442;58;231;380
16-12-21;104;2970;789;431;64;186;327
17-12-21;104;2833;761;432;59;179;341
18-12-21;104;2648;766;435;59;175;369
19-12-21;104;2619;743;428;59;130;128
20-12-21;104;2645;730;421;60;141;99
21-12-21;104;2452;709;416;64;171;345
22-12-21;104;2322;692;405;60;170;298
23-12-21;104;2198;660;391;57;146;260
24-12-21;104;2052;651;381;54;125;282
25-12-21;104;1923;640;386;53;134;259
26-12-21;104;1945;629;370;52;109;93
27-12-21;104;1960;613;367;51;95;96
28-12-21;104;1901;580;348;51;169;245
29-12-21;104;1868;564;337;52;146;206
30-12-21;104;1806;537;319;47;164;224
31-12-21;104;1761;532;305;41;159;224
01-01-22;103;1704;513;302;43;154;224
02-01-22;103;1764;508;300;47;150;92
03-01-22;103;1865;520;296;49;151;79
04-01-22;103;1894;503;282;48;217;238
05-01-22;103;1884;471;273;45;191;234
06-01-22;103;1879;473;263;45;180;231
07-01-22;103;1892;464;260;46;189;213
08-01-22;103;1857;438;254;45;201;260
09-01-22;103;1887;442;258;44;156;150
10-01-22;103;1962;439;244;45;140;101
11-01-22;103;1998;450;259;43;199;263
12-01-22;103;2022;423;247;42;209;272
13-01-22;103;2040;406;237;43;189;262
14-01-22;103;2106;404;228;40;234;249
15-01-22;103;2092;393;227;36;266;366
16-01-22;103;2178;391;221;35;163;141
17-01-22;103;2323;396;217;35;176;159
18-01-22;103;2416;389;201;32;296;372
19-01-22;103;2570;388;198;32;310;327
20-01-22;103;2732;367;191;30;346;355
21-01-22;103;2851;364;176;34;344;392
22-01-22;103;2909;359;172;27;318;431
23-01-22;103;3039;361;170;27;278;260
24-01-22;103;3299;371;176;30;309;175
25-01-22;103;3438;366;172;31;413;498
26-01-22;103;3583;353;170;32;347;481
27-01-22;103;3695;359;173;33;412;541
28-01-22;103;3824;367;175;35;417;520
29-01-22;103;3746;376;173;33;360;589
30-01-22;103;3839;387;166;32;265;333
31-01-22;103;4081;406;180;31;335;235
01-02-22;103;4160;419;177;28;424;614
02-02-22;103;4212;432;175;26;363;578
03-02-22;103;4239;431;174;26;391;582
04-02-22;103;4252;428;186;27;338;533
05-02-22;103;4008;415;184;25;307;657
06-02-22;103;4141;429;177;26;286;265
07-02-22;103;4329;440;191;24;294;267
08-02-22;103;4187;433;194;22;301;665
09-02-22;103;4086;430;189;23;295;576
10-02-22;103;3922;403;185;21;263;602
11-02-22;103;3843;397;186;19;321;544
12-02-22;103;3599;381;183;20;282;613
13-02-22;103;3632;371;175;28;202;238
14-02-22;103;3654;380;175;15;160;223
15-02-22;103;3504;364;168;14;303;629
16-02-22;103;3350;352;162;15;242;546
17-02-22;103;3253;350;156;17;213;465
18-02-22;103;3131;338;142;17;200;461
19-02-22;103;2931;330;130;17;202;506
20-02-22;103;2914;315;133;15;148;206
21-02-22;103;3000;315;136;17;160;149
22-02-22;103;2817;285;127;16;194;500
23-02-22;103;2720;289;125;16;186;407
24-02-22;103;2602;269;124;16;166;442
25-02-22;103;2503;250;115;16;148;357
26-02-22;103;2322;231;110;13;114;397
27-02-22;103;2291;241;113;13;83;175
28-02-22;103;2322;240;113;13;112;122
01-03-22;103;2187;224;105;13;160;383
02-03-22;103;2130;214;105;13;168;336
03-03-22;103;2108;227;106;13;144;283
04-03-22;103;2051;217;104;14;151;312
05-03-22;103;1921;212;92;14;129;355
06-03-22;103;1980;208;92;14;121;136
07-03-22;103;2069;206;91;14;116;115
08-03-22;103;2008;197;91;14;174;336
09-03-22;103;2010;192;85;12;162;258
10-03-22;103;1970;185;83;12;150;298
11-03-22;103;1938;178;80;12;160;278
12-03-22;103;1922;178;75;10;160;286
13-03-22;103;1999;175;78;11;102;103
14-03-22;103;2145;178;75;10;162;117
15-03-22;103;2218;181;77;9;200;310
16-03-22;103;2248;177;64;10;190;322
17-03-22;103;2263;173;65;10;169;315
18-03-22;103;2280;171;58;10;204;314
19-03-22;103;2222;170;64;8;158;359
20-03-22;103;2320;176;67;10;143;147
21-03-22;103;2435;179;68;8;145;142
22-03-22;103;2511;180;68;7;231;366
23-03-22;103;2590;172;72;8;234;351
24-03-22;103;2628;167;66;9;209;347
25-03-22;103;2680;165;61;8;224;325
26-03-22;103;2593;164;62;8;202;362
27-03-22;103;2700;162;63;8;173;158
28-03-22;103;2856;170;66;8;180;138
29-03-22;103;2904;169;64;7;261;409
30-03-22;103;2920;164;62;7;236;389
31-03-22;103;2979;172;63;7;268;374
01-04-22;103;3020;179;68;12;232;390
02-04-22;103;2857;170;66;6;199;490
03-04-22;103;2960;182;63;9;159;155
04-04-22;103;3068;185;69;7;157;180
05-04-22;103;3042;187;62;7;304;516
06-04-22;103;2999;176;67;9;217;462
07-04-22;103;3083;175;64;7;244;381
08-04-22;103;3121;175;65;7;232;413
09-04-22;103;3005;176;69;6;208;433
10-04-22;103;3045;173;66;5;150;191
11-04-22;103;3171;194;69;5;200;154
12-04-22;103;3164;190;72;5;274;495
13-04-22;103;3173;181;73;5;260;413
14-04-22;103;3142;183;63;5;242;444
15-04-22;103;3017;192;66;5;203;422
16-04-22;103;2883;186;61;5;202;448
17-04-22;103;2930;174;60;5;147;168
18-04-22;103;3056;184;59;5;145;115
19-04-22;103;3168;189;65;4;197;235
20-04-22;103;3070;169;56;4;222;534
21-04-22;103;2951;154;53;3;200;480
22-04-22;103;2820;153;54;4;197;473
23-04-22;103;2632;148;46;5;179;450
24-04-22;103;2692;156;37;6;113;137
25-04-22;103;2740;165;46;4;125;165
26-04-22;103;2609;154;45;4;194;464
27-04-22;103;2541;150;46;4;166;357
28-04-22;103;2425;146;48;3;151;374
29-04-22;103;2312;135;46;2;137;342
30-04-22;103;2162;127;44;3;138;340
01-05-22;103;2171;130;44;2;77;128
02-05-22;103;2237;135;45;2;110;150
03-05-22;103;2124;124;40;2;186;400
04-05-22;103;2041;116;36;3;125;311
05-05-22;103;2017;122;38;2;172;301
06-05-22;103;1948;116;40;3;120;284
07-05-22;103;1837;119;38;2;106;278
08-05-22;103;1859;119;38;2;80;111
09-05-22;103;1891;126;37;2;89;148
10-05-22;103;1847;117;32;2;172;306
11-05-22;103;1711;111;32;2;118;328
12-05-22;103;1683;105;35;2;101;260
